{"cameraMode":{"drawMode":0,"name":"Shaded","section":"Shading Mode"},"sceneLighting":true,"audioPlay":false,"sceneViewState":{"showFog":true,"showMaterialUpdate":false,"showSkybox":true,"showFlares":true,"showImageEffects":true,"showParticleSystems":true},"in2DMode":false,"pivot":{"x":-0.17072120308876038,"y":-0.23346570134162904,"z":-1.8524495363235474},"rotation":{"x":-0.01422063261270523,"y":0.9845421314239502,"z":-0.1457933485507965,"w":-0.09601565450429917},"size":3.9461090564727785,"orthographic":false}